fileNo,County,Year,Totalhumanexposures,AnimalExposures,InformationCalls,Age_Under12mo,Age_1yr,Age_2yr,Age_3yr,Age_4yr,Age_5yr,Age_6-12yr,Age_13-19yr,Age_20-59yr,Age_Over60yr,Age_Adult,Age_Unknown,Age_UnknownAdult,Age_UnknownChild,Intentional,Intentional_Abuse,Intentional_Misuse,Intentional_SuspectedSuicide,Intentional_Unknown,ManageSite_HealthcareFacility,ManageSite_OnSite.NonHealthcareFacility,ManageSite_Other.Unknown,ManageSite_RefusedReferral,MedOutcome_Death,MedOutcome_MajorEffect,MedOutcome_MinorEffect,MedOutcome_ModerateEffect,MedOutcome_NoEffect,MedOutcome_Other.Unknown,OtherReason,Other_AdverseReaction.Drug,Other_AdverseReaction.Food,Other_AdverseReaction.Other,Other_Contamination.Tampering,Other_Malicious,Other_Other.Unknown,Other_Withdrawal,Unintentional,Unintentional_Bite.Sting,Unintentional_Environmental,Unintentional_FoodPoisoning,Unintentional_General,Unintentional_Misuse,Unintentional_Occupational,Unintentional_Other.Unknown,Unintentional_TherapeuticError
1,"Allegany County, MD",2006,540,20,645,17,82,106,31,15,12,33,54,NA,NA,187,3,NA,NA,101,11,15,71,4,146,379,10,5,0,5,317,25,177,16,10,4,NA,2,0,0,4,NA,429,6,7,3,309,38,3,NA,63
2,"Anne Arundel County, MD",2006,4371,244,3260,218,711,779,346,154,81,286,334,NA,NA,1453,9,NA,NA,763,89,88,556,30,1185,3098,42,46,5,23,2550,227,1390,170,112,63,NA,23,1,14,11,NA,3493,58,17,16,2571,258,69,2,502
3,"Baltimore City, MD",2006,5053,182,6860,240,827,738,255,151,66,260,377,NA,NA,2057,82,NA,NA,1203,135,150,892,26,1888,3058,35,71,5,42,2925,347,1482,245,174,103,NA,17,5,19,30,NA,3673,53,39,47,2641,349,85,4,455
4,"Baltimore County, MD",2006,5701,337,7363,313,973,962,410,197,109,408,450,NA,NA,1784,95,NA,NA,790,101,99,570,20,1210,4317,100,74,4,23,3330,207,1920,206,143,61,NA,24,2,40,16,NA,4767,81,55,35,3417,389,72,8,710
5,"Calvert County, MD",2006,726,24,490,46,139,141,68,29,23,45,55,NA,NA,179,1,NA,NA,69,6,12,51,NA,122,590,1,13,0,1,424,29,247,25,14,7,NA,3,4,NA,NA,NA,642,22,1,6,454,49,9,NA,101
6,"Caroline County, MD",2006,243,15,151,9,47,52,29,9,5,18,13,NA,NA,55,6,NA,NA,8,1,2,5,NA,13,224,2,4,0,0,150,4,83,6,6,1,NA,4,NA,NA,1,NA,229,7,1,1,171,17,2,NA,30
7,"Carroll County, MD",2006,1519,90,879,83,274,256,134,61,37,98,131,NA,NA,426,19,NA,NA,203,24,32,142,5,276,1200,29,14,4,5,873,51,543,41,31,21,NA,5,0,4,1,NA,1285,22,10,11,919,99,15,NA,209
8,"Cecil County, MD",2006,924,31,604,40,130,163,67,35,13,59,88,NA,NA,322,7,NA,NA,192,20,23,143,6,313,591,10,10,2,1,559,49,279,30,19,12,NA,2,1,4,NA,NA,713,12,6,6,514,55,22,NA,98
9,"Charles County, MD",2006,892,45,482,34,165,163,74,32,20,67,77,NA,NA,258,2,NA,NA,132,25,14,88,5,200,676,7,9,1,5,532,31,289,30,11,4,NA,2,NA,3,2,NA,749,22,12,6,551,60,9,1,88
10,"Dorchester County, MD",2006,235,7,142,13,35,40,12,9,4,9,14,NA,NA,99,NA,NA,NA,37,3,7,25,2,80,152,2,1,0,1,149,15,62,8,7,4,NA,1,NA,1,1,NA,191,1,3,1,132,24,14,NA,16
11,"Frederick County, MD",2006,1879,93,847,98,402,362,166,75,44,140,119,NA,NA,446,27,NA,NA,203,17,30,152,4,326,1526,11,16,1,6,1097,63,665,44,22,10,NA,8,1,1,2,NA,1654,15,5,10,1254,115,25,NA,230
12,"Garrett County, MD",2006,245,7,243,9,42,59,12,10,4,18,15,NA,NA,72,4,NA,NA,31,2,9,18,2,56,187,2,0,0,0,164,4,75,2,3,1,NA,2,NA,NA,NA,NA,211,1,1,NA,159,23,2,NA,23
13,"Harford County, MD",2006,2240,113,1634,123,396,375,149,96,50,159,197,NA,NA,691,4,NA,NA,376,53,52,262,9,568,1618,26,28,3,6,1383,82,694,66,53,26,NA,6,5,10,6,NA,1809,34,18,9,1329,121,37,1,260
14,"Howard County, MD",2006,1832,126,849,101,341,327,135,76,43,167,141,NA,NA,498,3,NA,NA,189,16,19,151,3,342,1451,16,23,1,6,1070,58,645,49,41,20,NA,6,2,5,8,NA,1602,24,23,6,1171,133,30,1,214
15,"Kent County, MD",2006,173,8,77,12,27,39,13,8,0,7,16,NA,NA,51,NA,NA,NA,31,7,1,23,NA,50,120,2,1,1,0,95,11,61,4,1,1,NA,NA,NA,NA,NA,NA,141,2,NA,NA,110,14,4,NA,11
16,"Montgomery County, MD",2006,567,52,422,28,85,83,43,20,12,44,45,NA,NA,207,NA,NA,NA,68,10,6,50,2,96,461,5,5,0,2,350,18,178,18,19,10,NA,8,1,NA,NA,NA,480,3,2,30,316,49,1,NA,79
17,"Prince Georges County, MD",2006,484,34,334,21,84,59,32,15,7,31,58,NA,NA,171,6,NA,NA,79,4,12,37,26,112,361,2,9,0,0,312,22,131,19,14,4,NA,7,1,1,1,NA,391,4,9,2,273,42,4,NA,57
18,"Queen Anne’s County, MD",2006,361,18,188,25,70,73,32,18,15,25,19,NA,NA,84,NA,NA,NA,15,4,1,9,1,22,331,4,3,0,0,247,6,104,2,2,2,NA,NA,NA,NA,NA,NA,344,6,1,5,260,23,10,NA,39
19,"Somerset County, MD",2006,159,1,227,13,28,24,10,6,4,11,9,NA,NA,54,NA,NA,NA,10,2,NA,8,NA,28,127,2,2,0,0,104,2,51,2,4,2,NA,1,1,NA,0,NA,145,5,1,1,NA,12,2,NA,34
20,"St. Mary’s County, MD",2006,917,39,535,41,150,163,71,32,20,71,74,NA,NA,292,3,NA,NA,146,14,19,109,4,286,619,3,9,0,1,564,41,281,29,16,11,NA,2,NA,2,1,NA,755,24,12,4,542,42,27,NA,104
21,"Talbot County, MD",2006,365,25,191,5,47,56,24,15,9,25,32,NA,NA,151,1,NA,NA,77,17,1,57,2,137,222,4,2,2,7,217,28,103,7,10,4,NA,1,NA,2,3,NA,277,5,1,1,189,24,10,1,46
22,"Washington County, MD",2006,1107,48,601,62,204,216,95,41,25,82,73,NA,NA,293,16,NA,NA,132,12,15,104,1,240,843,16,8,2,7,634,39,400,23,32,18,NA,5,1,6,2,NA,943,9,6,2,730,63,15,1,117
23,"Wicomico County, MD",2006,822,35,531,36,136,125,50,33,19,54,71,NA,NA,282,16,NA,NA,166,13,15,133,5,297,510,4,11,2,11,454,49,274,30,22,16,NA,1,2,1,2,NA,634,9,9,NA,457,54,13,1,91
24,"Worcester County, MD",2006,388,24,438,25,73,61,36,11,4,18,21,NA,NA,138,1,NA,NA,43,7,6,28,2,93,289,1,5,3,2,240,14,122,7,13,12,NA,NA,NA,NA,1,NA,332,5,1,2,237,27,5,NA,55
25,"Allegany County, MD",2007,557,28,603,30,84,83,34,15,9,40,33,NA,NA,229,0,NA,NA,104,20,5,73,6,149,385,16,7,1,8,320,19,193,16,18,12,NA,1,0,3,2,NA,434,6,2,4,303,35,3,NA,81
26,"Anne Arundel County, MD",2007,4651,331,2706,260,773,734,333,163,118,308,388,NA,NA,1569,5,NA,NA,880,122,106,627,25,1277,3275,47,52,2,23,2695,278,1494,154,112,53,NA,18,10,13,18,NA,3658,51,43,34,2603,323,62,3,539
27,"Baltimore City, MD",2007,5541,220,6886,281,870,739,333,137,99,292,411,NA,NA,2358,20,NA,NA,1335,117,166,1001,51,2023,3401,45,71,9,54,3063,375,1755,279,217,113,NA,25,10,24,45,NA,3985,52,111,59,2750,385,91,8,529
28,"Baltimore County, MD",2007,6376,415,6739,315,1038,1063,461,224,138,420,509,NA,NA,2202,6,NA,NA,998,109,142,718,29,1450,4779,78,69,6,26,3729,266,2100,241,171,92,NA,34,9,15,21,NA,5206,78,86,76,3604,484,78,5,795
29,"Calvert County, MD",2007,751,32,536,47,140,140,59,31,13,55,50,NA,NA,215,1,NA,NA,83,10,17,55,1,132,606,3,10,1,1,450,23,251,25,19,9,NA,2,3,2,3,NA,649,12,9,4,462,45,11,NA,106
30,"Caroline County, MD",2007,303,13,179,28,68,56,19,14,7,28,20,NA,NA,63,0,NA,NA,18,2,6,9,1,27,272,2,2,0,0,177,3,112,11,3,3,NA,NA,NA,NA,NA,NA,282,4,1,NA,208,20,6,NA,43
31,"Carroll County, MD",2007,1590,100,879,80,281,258,135,64,43,121,135,NA,NA,473,NA,NA,NA,212,31,25,147,9,323,1235,18,14,5,11,894,62,571,43,41,28,NA,3,2,3,5,NA,1335,23,28,12,958,93,18,1,202
32,"Cecil County, MD",2007,1021,41,593,58,145,182,72,20,22,75,83,NA,NA,364,NA,NA,NA,205,22,28,150,5,299,704,9,9,1,4,634,46,304,31,22,9,NA,6,2,3,2,NA,794,11,11,11,552,69,34,NA,96
33,"Charles County, MD",2007,922,55,542,36,195,151,65,28,22,70,71,NA,NA,284,NA,NA,NA,147,22,27,95,3,239,673,4,6,0,3,555,52,285,27,22,12,NA,4,NA,3,3,NA,753,21,3,6,539,61,8,1,114
34,"Dorchester County, MD",2007,251,13,126,16,36,41,18,9,7,14,18,NA,NA,92,NA,NA,NA,57,9,8,40,NA,84,160,6,1,0,2,153,10,77,8,4,3,NA,1,NA,0,NA,NA,190,2,0,0,140,17,2,NA,29
35,"Frederick County, MD",2007,1892,109,803,95,408,354,165,86,48,149,120,NA,NA,464,3,NA,NA,207,26,29,146,6,330,1533,9,20,0,5,1050,59,721,55,34,23,NA,4,3,3,1,NA,1651,21,7,13,1234,128,22,NA,226
36,"Garrett County, MD",2007,256,9,272,16,43,42,24,5,7,17,16,NA,NA,86,NA,NA,NA,36,8,4,24,NA,73,176,1,6,0,1,144,10,90,11,7,4,NA,1,NA,NA,2,NA,213,4,2,7,150,11,4,NA,35
37,"Harford County, MD",2007,2490,149,1650,124,425,423,175,89,56,172,193,NA,NA,830,3,NA,NA,446,65,45,326,10,650,1791,23,26,1,11,1466,111,805,93,63,31,NA,9,3,12,8,NA,1978,24,22,16,1419,151,34,2,310
38,"Howard County, MD",2007,1871,146,841,108,327,320,135,69,42,155,169,NA,NA,544,2,NA,NA,247,28,39,173,7,358,1479,20,14,0,6,1055,68,687,54,34,18,NA,8,1,2,5,NA,1590,18,19,17,1111,138,29,NA,258
39,"Kent County, MD",2007,206,9,92,14,39,35,15,5,3,10,14,NA,NA,71,NA,NA,NA,25,3,1,21,NA,47,154,4,1,0,0,113,10,72,11,6,NA,NA,NA,1,2,3,NA,175,3,2,5,117,16,5,NA,27
40,"Montgomery County, MD",2007,518,78,377,27,68,64,40,21,16,39,42,NA,NA,200,1,NA,NA,71,11,6,53,1,99,398,11,10,0,2,309,12,170,25,10,1,NA,4,2,1,2,NA,437,8,4,11,293,54,11,NA,56
41,"Prince Georges County, MD",2007,491,54,329,35,95,67,29,16,14,37,26,NA,NA,168,4,NA,NA,45,6,8,30,1,81,405,1,4,0,2,296,15,164,13,13,8,NA,2,NA,2,1,NA,432,9,5,13,297,45,6,NA,57
42,"Queen Anne’s County, MD",2007,374,24,199,21,53,72,31,21,7,48,28,NA,NA,93,NA,NA,NA,21,6,3,11,1,21,335,12,6,0,0,228,4,132,9,5,1,NA,2,NA,2,NA,NA,348,2,7,5,243,40,6,NA,45
43,"Somerset County, MD",2007,138,8,236,7,20,24,15,3,3,16,8,NA,NA,42,NA,NA,NA,14,NA,2,11,1,31,104,1,2,0,0,83,3,46,6,1,1,NA,NA,NA,NA,NA,NA,123,6,NA,3,88,8,2,NA,16
44,"St. Mary’s County, MD",2007,1015,61,663,52,174,166,86,28,17,71,81,NA,NA,340,NA,NA,NA,170,23,27,114,6,296,694,15,10,0,5,597,58,320,34,32,18,NA,5,NA,7,2,NA,812,23,18,11,556,75,16,NA,113
45,"Talbot County, MD",2007,395,23,176,13,60,65,20,11,9,23,31,NA,NA,162,1,NA,NA,88,18,11,58,1,153,235,2,5,1,3,208,40,122,20,11,7,NA,3,NA,NA,1,NA,296,2,2,4,203,31,13,NA,41
46,"Washington County, MD",2007,1166,46,619,56,196,204,106,55,32,88,71,NA,NA,358,NA,NA,NA,178,27,25,123,3,258,873,21,14,2,5,679,51,389,40,25,16,NA,2,NA,6,1,NA,963,18,6,6,723,63,12,NA,117
47,"Wicomico County, MD",2007,815,51,485,45,136,119,67,28,12,56,61,NA,NA,291,NA,NA,NA,158,10,24,120,4,267,531,10,7,0,4,427,49,307,27,25,17,NA,1,3,3,1,NA,632,12,8,3,434,55,8,NA,112
48,"Worcester County, MD",2007,370,30,477,22,69,59,21,15,4,20,31,NA,NA,129,NA,NA,NA,48,13,3,32,NA,90,272,4,4,0,1,208,18,135,8,15,6,1,NA,6,1,1,NA,307,3,4,3,201,28,7,NA,61
49,"Allegany County, MD",2008,584,33,556,28,81,91,54,10,17,35,44,NA,NA,223,1,NA,NA,105,10,10,83,2,149,416,12,7,1,3,353,22,187,16,18,9,NA,4,0,4,1,NA,460,9,4,1,297,49,7,NA,93
50,"Anne Arundel County, MD",2008,4722,318,2633,262,807,734,338,152,96,338,339,NA,NA,1649,7,NA,NA,898,118,129,620,31,1249,3373,54,46,4,32,2687,260,1549,188,145,73,NA,24,14,8,26,NA,3676,56,60,30,2465,431,57,4,573
51,"Baltimore City, MD",2008,5520,263,6483,232,850,774,300,162,90,308,390,NA,NA,2394,20,NA,NA,1375,140,183,1005,47,1983,3412,51,74,12,51,3111,390,1664,287,258,116,NA,23,16,45,58,NA,3885,68,70,65,2496,511,67,5,603
52,"Baltimore County, MD",2008,6634,462,6516,365,1076,1086,478,254,120,489,456,NA,NA,2301,9,NA,NA,1028,102,183,707,36,1429,5033,97,75,6,23,3920,258,2184,236,229,124,NA,34,16,25,30,NA,5376,86,77,67,3505,681,82,3,874
53,"Calvert County, MD",2008,762,43,586,35,83,157,72,22,16,50,62,NA,NA,265,0,NA,NA,110,10,22,74,4,160,589,4,9,0,2,479,26,234,20,27,12,NA,6,2,3,4,NA,625,24,3,2,402,66,9,1,118
54,"Caroline County, MD",2008,282,23,149,16,65,62,28,9,6,19,19,NA,NA,58,0,NA,NA,9,2,2,5,NA,12,264,4,2,0,0,164,3,107,8,4,3,NA,NA,NA,1,NA,NA,269,3,3,1,192,24,5,NA,41
55,"Carroll County, MD",2008,1629,121,838,79,299,253,128,65,30,132,140,NA,NA,500,3,NA,NA,261,43,44,164,10,365,1238,17,9,1,6,970,73,529,47,42,16,NA,8,4,6,8,NA,1326,30,31,10,866,163,14,NA,212
56,"Cecil County, MD",2008,1037,57,519,52,193,157,59,32,18,70,74,NA,NA,380,2,NA,NA,243,33,32,169,9,347,673,9,8,0,13,601,74,311,37,26,14,NA,3,1,3,5,NA,766,11,13,12,531,91,17,NA,91
57,"Charles County, MD",2008,1012,79,514,46,183,153,76,34,25,72,82,NA,NA,341,NA,NA,NA,182,26,31,118,7,270,718,11,13,1,4,583,47,335,39,34,12,NA,5,3,7,7,NA,796,22,8,8,537,98,11,NA,112
58,"Dorchester County, MD",2008,289,16,114,18,47,51,19,10,1,19,20,NA,NA,104,NA,NA,NA,67,4,9,48,6,101,185,2,1,0,0,171,16,83,19,10,5,NA,NA,NA,2,3,NA,212,6,11,0,148,21,2,NA,24
59,"Frederick County, MD",2008,1983,150,719,106,373,391,193,92,59,135,139,NA,NA,493,2,NA,NA,234,22,42,163,7,371,1585,13,14,3,7,1216,63,643,51,42,19,NA,10,0,2,11,NA,1707,18,20,11,1225,166,28,1,238
60,"Garrett County, MD",2008,270,17,238,16,47,52,14,17,5,16,21,NA,NA,82,NA,NA,NA,42,5,11,25,1,69,195,3,3,1,4,155,11,91,8,4,3,NA,NA,1,NA,NA,NA,224,4,6,2,157,16,6,NA,33
61,"Harford County, MD",2008,2491,174,1522,121,459,374,166,86,69,176,219,NA,NA,818,3,NA,NA,501,56,63,370,12,669,1782,11,29,1,10,1433,121,840,86,75,39,NA,16,3,8,9,NA,1915,26,24,18,1307,208,28,1,303
62,"Howard County, MD",2008,1796,139,813,96,308,281,145,70,57,152,169,NA,NA,517,1,NA,NA,215,26,40,146,3,323,1437,25,11,1,4,1072,62,610,47,44,21,NA,8,7,4,3,1,1537,25,14,20,961,205,16,NA,296
63,"Kent County, MD",2008,249,9,75,8,37,44,20,14,1,17,27,NA,NA,81,NA,NA,NA,47,5,11,30,1,67,178,3,1,0,1,145,14,84,5,8,2,NA,1,1,2,2,NA,194,3,2,2,132,26,2,2,25
64,"Montgomery County, MD",2008,463,109,316,26,82,67,28,18,12,36,31,NA,NA,162,1,NA,NA,64,9,10,44,1,81,373,5,4,0,1,272,13,151,26,19,4,NA,5,7,1,2,NA,380,7,8,12,260,44,4,1,44
65,"Prince Georges County, MD",2008,519,46,289,30,122,76,49,21,7,34,36,NA,NA,144,NA,NA,NA,57,5,13,37,2,72,439,2,6,0,1,319,9,173,17,13,5,NA,2,2,1,3,NA,449,2,2,6,319,56,6,NA,58
66,"Queen Anne’s County, MD",2008,390,26,264,16,76,67,41,13,9,35,39,NA,NA,94,NA,NA,NA,16,5,4,5,2,22,347,16,5,0,0,231,6,140,13,15,6,NA,3,NA,5,1,NA,359,6,6,5,232,40,4,NA,66
67,"Somerset County, MD",2008,155,13,211,8,19,24,9,5,4,17,9,NA,NA,60,NA,NA,NA,13,2,NA,10,1,36,111,6,2,0,3,99,6,41,6,5,5,NA,NA,NA,NA,NA,NA,137,NA,NA,3,79,21,2,NA,32
68,"St. Mary’s County, MD",2008,1026,50,718,59,172,196,91,29,31,60,71,NA,NA,317,NA,NA,NA,185,16,20,146,3,276,736,6,8,1,5,603,59,329,29,34,20,NA,3,NA,2,9,NA,807,29,5,5,579,75,9,NA,105
69,"Talbot County, MD",2008,395,24,181,11,47,43,24,13,9,36,37,NA,NA,175,NA,NA,NA,110,14,17,76,3,152,230,9,4,0,3,220,27,121,24,13,5,NA,4,1,NA,3,NA,272,3,1,3,158,44,13,NA,50
70,"Washington County, MD",2008,1133,60,565,60,202,187,82,60,22,85,79,NA,NA,350,6,NA,NA,155,16,29,103,7,220,868,30,14,2,8,675,63,356,29,41,10,NA,8,16,6,1,NA,937,9,8,1,656,117,18,NA,128
71,"Wicomico County, MD",2008,821,52,512,45,118,128,64,36,26,55,58,NA,NA,291,NA,NA,NA,154,16,28,103,7,239,574,2,6,1,3,456,51,273,37,28,18,NA,6,1,1,2,NA,639,18,5,9,412,72,12,1,110
72,"Worcester County, MD",2008,389,28,456,19,67,55,29,12,4,31,25,NA,NA,147,NA,NA,NA,44,5,9,28,2,87,295,2,5,2,2,227,14,125,19,21,12,NA,5,1,1,1,1,324,4,1,7,187,53,13,NA,59
73,"Allegany County, MD",2009,599,29,529,25,98,76,29,21,12,43,37,NA,NA,258,NA,NA,NA,125,18,16,86,5,173,405,16,5,0,6,339,43,186,25,17,6,NA,7,0,0,4,NA,457,8,3,2,272,50,10,NA,112
74,"Anne Arundel County, MD",2009,4966,319,2320,248,843,832,321,151,99,344,320,NA,NA,1783,25,NA,NA,910,118,146,605,41,1289,3561,79,37,2,20,3007,249,1525,163,156,76,NA,22,28,9,21,NA,3900,67,79,25,2509,477,71,2,670
75,"Baltimore City, MD",2009,5536,219,6659,253,882,784,306,160,100,268,389,NA,NA,2379,15,NA,NA,1390,143,185,1003,59,2078,3349,55,54,9,55,3186,400,1616,270,257,117,NA,31,20,22,67,NA,3889,60,115,63,2490,514,73,11,563
76,"Baltimore County, MD",2009,6847,456,6125,360,1113,1071,498,232,163,484,476,NA,NA,2433,17,NA,NA,1003,116,183,671,33,1424,5231,111,81,2,25,3980,277,2304,259,241,133,NA,41,19,19,29,NA,5603,98,123,81,3503,742,99,2,955
77,"Calvert County, MD",2009,774,39,685,39,130,148,51,13,17,60,62,NA,NA,254,0,NA,NA,106,13,18,72,3,168,596,5,5,1,8,455,26,257,27,20,14,NA,2,2,0,2,NA,648,26,1,6,404,74,11,0,126
78,"Caroline County, MD",2009,315,15,160,17,85,67,24,14,7,19,12,NA,NA,70,0,NA,NA,14,4,1,9,NA,23,283,5,4,0,0,189,4,114,8,5,3,NA,2,NA,0,NA,NA,296,4,2,2,209,31,3,NA,45
79,"Carroll County, MD",2009,1747,95,706,72,283,295,151,76,39,131,120,NA,NA,575,5,NA,NA,256,41,23,182,10,346,1357,25,19,3,10,1032,81,573,48,60,31,NA,10,7,3,9,NA,1431,13,29,12,910,187,16,2,262
80,"Cecil County, MD",2009,1017,49,466,45,127,178,70,39,25,59,98,NA,NA,374,2,NA,NA,263,42,45,163,13,360,624,19,14,1,9,616,60,290,41,30,12,NA,5,3,3,7,NA,724,8,6,7,481,84,18,NA,120
81,"Charles County, MD",2009,1083,62,460,61,178,199,80,30,18,69,109,NA,NA,334,5,NA,NA,184,28,24,124,8,270,788,16,9,3,6,649,39,350,36,31,20,NA,4,2,3,2,NA,868,15,11,7,567,108,19,NA,141
82,"Dorchester County, MD",2009,299,13,122,25,53,46,17,10,5,18,13,NA,NA,112,NA,NA,NA,68,6,8,51,3,87,203,8,1,0,1,183,13,98,4,10,4,NA,3,NA,2,1,NA,221,1,1,0,154,26,5,1,33
83,"Frederick County, MD",2009,1993,161,728,96,348,354,203,89,50,142,145,NA,NA,554,12,NA,NA,261,42,40,166,13,359,1585,24,25,3,11,1176,58,685,60,65,33,NA,14,8,6,4,NA,1667,16,17,18,1143,183,19,2,269
84,"Garrett County, MD",2009,281,8,246,12,33,47,17,7,6,27,34,NA,NA,97,1,NA,NA,62,12,8,39,3,81,193,1,6,0,0,169,15,84,13,12,4,NA,3,4,NA,1,NA,207,2,1,5,129,25,4,NA,41
85,"Harford County, MD",2009,2507,118,1185,101,457,417,169,91,39,163,201,NA,NA,866,3,NA,NA,513,79,76,341,17,735,1730,23,19,3,14,1453,159,793,85,78,39,NA,13,6,5,15,NA,1916,34,24,17,1276,215,25,NA,325
86,"Howard County, MD",2009,1862,132,680,101,297,267,140,64,50,174,163,NA,NA,606,NA,NA,NA,260,25,43,187,5,361,1441,37,23,1,11,1075,66,652,57,64,26,NA,14,4,10,10,NA,1538,31,28,18,939,211,9,NA,302
87,"Kent County, MD",2009,211,4,83,11,34,31,14,6,5,14,13,NA,NA,82,1,NA,NA,38,2,3,33,NA,70,138,0,3,0,0,123,14,69,5,5,1,NA,1,0,1,1,1,168,1,0,1,103,24,9,NA,30
88,"Montgomery County, MD",2009,525,62,390,38,95,94,37,17,11,39,34,NA,NA,158,2,NA,NA,47,5,13,28,1,58,452,9,6,0,1,332,10,167,15,26,9,NA,8,6,1,2,NA,452,1,11,5,302,61,2,1,69
89,"Prince Georges County, MD",2009,559,40,227,33,103,90,37,26,20,35,32,NA,NA,183,NA,NA,NA,55,9,12,29,5,58,485,4,12,0,1,319,13,200,26,17,7,NA,1,4,5,NA,NA,487,7,11,5,301,76,7,NA,80
90,"Queen Anne’s County, MD",2009,371,24,272,22,81,79,32,16,8,28,15,NA,NA,94,NA,NA,NA,25,4,8,8,5,29,331,10,1,0,2,233,5,125,6,11,4,NA,4,2,NA,1,NA,335,8,3,2,240,35,3,NA,44
91,"Somerset County, MD",2009,130,11,183,6,31,25,6,2,1,9,9,NA,NA,41,NA,NA,NA,12,2,3,5,2,27,100,2,1,0,2,78,4,41,5,6,5,NA,1,NA,NA,NA,NA,112,1,NA,NA,77,17,NA,NA,17
92,"St. Mary’s County, MD",2009,1076,54,591,51,155,209,95,41,20,66,75,NA,NA,360,4,NA,NA,217,21,42,146,8,326,732,10,8,1,7,629,52,353,34,38,20,NA,7,3,2,6,NA,821,35,5,10,546,81,7,NA,137
93,"Talbot County, MD",2009,405,20,144,13,42,46,33,18,7,32,38,NA,NA,176,NA,NA,NA,112,16,14,80,2,191,207,1,6,2,6,237,34,107,19,21,3,NA,4,10,1,3,NA,272,3,5,1,166,38,9,1,49
94,"Washington County, MD",2009,1241,60,590,58,189,227,112,43,36,81,84,NA,NA,407,4,NA,NA,181,21,34,121,5,261,938,31,11,0,6,699,61,440,35,34,19,NA,1,1,4,9,NA,1026,13,18,8,694,111,10,2,170
95,"Wicomico County, MD",2009,888,61,446,49,160,131,51,44,20,59,63,NA,NA,288,23,NA,NA,148,17,25,101,5,279,586,12,11,1,4,525,38,283,37,31,16,NA,5,4,3,3,NA,709,11,7,7,446,88,20,NA,130
96,"Worcester County, MD",2009,398,15,402,23,70,82,29,6,10,31,21,NA,NA,124,2,NA,NA,44,5,7,31,1,73,320,2,3,0,2,250,14,122,10,3,1,NA,1,1,NA,NA,NA,351,5,1,5,228,46,7,NA,59
97,"Allegany County, MD",2010,601,25,483,32,83,90,42,16,14,37,38,190,55,249,NA,4,NA,112,13,16,75,8,175,412,10,4,0,9,359,44,171,18,20,11,NA,4,1,1,3,NA,469,3,4,6,280,56,9,2,109
98,"Anne Arundel County, MD",2010,4494,278,2143,240,717,701,299,151,107,297,284,1283,373,1692,3,36,3,870,125,130,571,44,1175,3216,46,57,3,24,2600,261,1432,174,142,66,NA,27,10,13,26,NA,3482,45,53,48,2180,444,42,7,663
99,"Baltimore City, MD",2010,5637,219,7345,228,753,693,303,181,107,281,394,2214,432,2688,5,42,4,1550,180,199,1081,90,2324,3206,48,59,12,56,3198,488,1595,288,350,162,NA,43,23,33,89,NA,3737,53,81,49,2270,575,90,13,606
100,"Baltimore County, MD",2010,6630,396,5682,367,1130,968,440,233,128,437,477,1810,567,2442,2,65,6,998,130,177,632,59,1371,5079,97,83,8,23,3912,268,2160,259,291,137,NA,55,24,36,39,NA,5341,74,134,80,3295,763,81,3,911
101,"Calvert County, MD",2010,669,40,622,21,106,110,55,23,18,55,38,192,47,239,4,NA,NA,85,15,14,54,2,131,517,7,14,1,5,406,25,201,31,31,18,NA,4,2,2,5,NA,553,23,10,6,334,62,9,1,108
102,"Caroline County, MD",2010,296,13,143,11,62,58,27,14,8,16,11,57,30,87,2,NA,NA,19,1,7,9,2,22,267,4,3,0,0,198,8,85,5,9,7,NA,0,1,1,NA,NA,268,2,2,4,175,25,3,NA,57
103,"Carroll County, MD",2010,1518,114,648,65,217,248,119,59,33,88,119,454,97,551,19,NA,NA,296,46,49,186,15,393,1090,16,19,0,11,893,93,469,52,51,27,NA,11,3,3,7,NA,1171,19,22,16,743,152,12,0,207
104,"Cecil County, MD",2010,991,40,522,46,152,136,80,28,14,54,59,375,45,420,2,NA,NA,260,56,38,144,22,340,627,13,11,0,13,606,71,255,46,36,20,NA,3,2,2,9,NA,695,13,7,6,460,86,13,2,108
105,"Charles County, MD",2010,994,53,366,43,146,158,66,37,11,90,82,296,57,353,8,NA,NA,205,25,23,144,13,300,675,9,10,0,2,558,53,337,44,41,13,NA,10,3,7,8,NA,748,24,6,4,461,103,18,NA,132
106,"Dorchester County, MD",2010,319,12,166,15,41,47,21,9,11,12,22,116,22,138,3,NA,NA,84,13,15,52,4,129,187,1,2,0,2,189,27,87,14,14,6,NA,1,3,1,3,NA,221,3,1,2,141,31,11,1,31
107,"Frederick County, MD",2010,1872,130,761,116,315,349,141,87,31,144,152,407,110,517,20,NA,NA,244,29,57,144,14,341,1483,27,21,2,6,1094,62,654,54,48,23,NA,14,4,2,5,NA,1580,20,28,14,1031,200,19,3,265
108,"Garrett County, MD",2010,308,14,163,11,52,34,19,11,6,15,37,100,21,121,2,NA,NA,63,4,25,32,2,81,202,23,2,1,1,174,16,110,6,9,6,NA,2,0,NA,1,NA,236,1,16,2,133,36,5,NA,43
109,"Harford County, MD",2010,2449,134,1146,126,368,409,163,80,53,148,178,740,154,894,30,NA,NA,530,96,95,315,24,742,1664,13,30,3,23,1427,163,756,77,88,40,NA,9,8,13,18,NA,1831,32,38,18,1179,222,31,1,310
110,"Howard County, MD",2010,1628,96,629,81,238,237,125,63,32,131,181,418,101,519,21,NA,NA,287,38,40,191,18,411,1173,25,19,2,5,924,87,560,50,60,34,NA,11,6,5,4,NA,1281,16,25,15,769,182,18,1,255
111,"Kent County, MD",2010,218,15,65,6,28,24,12,7,9,14,22,69,23,92,4,NA,NA,52,8,3,40,1,77,136,5,0,0,1,132,25,55,5,10,3,NA,1,4,1,1,NA,156,3,4,1,88,27,3,NA,30
112,"Montgomery County, MD",2010,596,46,410,46,96,106,33,17,18,33,48,147,48,195,4,NA,NA,61,6,7,42,6,81,503,2,10,0,0,356,12,199,29,29,11,NA,9,2,3,4,NA,506,7,9,8,316,86,4,1,75
113,"Prince Georges County, MD",2010,498,30,218,37,111,77,35,19,6,28,26,130,27,157,2,NA,NA,45,1,13,28,3,55,432,6,5,0,2,269,9,190,28,18,10,NA,2,3,1,2,NA,435,4,14,6,278,64,7,NA,62
114,"Queen Anne’s County, MD",2010,355,28,229,17,72,64,49,12,9,34,20,51,23,74,4,NA,NA,15,4,4,6,1,25,323,7,0,0,0,213,4,131,7,9,6,NA,0,0,NA,1,NA,333,4,6,0,229,36,5,NA,53
115,"Somerset County, MD",2010,146,12,152,8,20,29,8,5,1,11,8,40,14,54,2,NA,NA,22,5,5,12,0,35,108,2,1,0,1,77,4,57,7,7,7,NA,0,NA,NA,NA,NA,117,0,2,3,72,14,1,NA,25
116,"St. Mary’s County, MD",2010,946,30,505,47,152,163,82,31,14,61,46,287,60,347,3,NA,NA,187,22,20,131,14,285,639,7,15,1,5,542,72,295,31,28,18,NA,6,2,1,1,NA,731,28,10,3,480,81,9,2,118
117,"Talbot County, MD",2010,432,25,140,17,45,57,26,12,5,33,45,151,39,190,2,NA,NA,131,22,12,86,11,197,224,11,0,0,0,235,37,136,24,21,11,NA,1,3,2,4,NA,280,1,5,1,171,42,4,NA,56
118,"Washington County, MD",2010,1162,52,484,76,185,195,97,47,28,77,62,311,80,391,4,NA,NA,174,19,25,123,7,258,851,33,20,1,6,668,49,395,43,41,20,NA,10,5,2,4,NA,947,14,13,13,633,119,16,0,139
119,"Wicomico County, MD",2010,827,51,462,53,154,141,53,18,19,52,50,233,46,279,8,NA,NA,151,11,25,106,9,256,540,15,16,0,8,473,40,273,33,24,9,NA,2,2,5,6,NA,625,14,11,3,427,75,8,NA,114
120,"Worcester County, MD",2010,395,17,397,20,55,59,27,18,10,26,35,105,40,145,0,NA,NA,56,12,15,26,3,100,289,3,3,1,0,238,20,123,13,13,8,NA,2,1,NA,2,NA,326,6,2,2,188,59,8,NA,61
121,"Allegany County, MD",2011,640,26,430,31,80,90,47,28,9,34,36,230,50,284,NA,4,1,142,23,15,95,9,180,422,30,8,1,1,381,43,190,24,25,10,NA,6,0,3,6,NA,473,7,4,4,288,52,9,NA,109
122,"Anne Arundel County, MD",2011,4271,222,2139,211,675,635,297,143,94,303,307,1240,336,1604,1,28,1,824,143,115,528,38,1109,3015,101,46,2,26,2406,244,1451,142,143,68,NA,27,15,10,23,NA,3304,39,84,43,2008,449,48,3,630
123,"Baltimore City, MD",2011,5963,181,9351,244,747,659,328,184,83,300,442,2387,498,2951,17,66,8,1756,273,221,1161,101,2598,3178,110,77,18,72,3250,565,1717,341,375,161,NA,44,25,39,106,NA,3832,60,148,67,2256,549,85,10,657
124,"Baltimore County, MD",2011,6513,338,5579,339,1025,926,414,210,121,413,460,1942,585,2587,7,60,11,1078,137,170,707,64,1486,4744,203,80,3,31,3711,296,2150,322,276,145,NA,46,24,23,38,NA,5159,96,133,67,3035,760,93,4,971
125,"Calvert County, MD",2011,624,23,506,32,79,97,51,30,16,44,64,164,40,204,7,NA,NA,94,16,16,56,6,147,454,16,7,1,1,351,29,220,22,14,10,NA,0,1,1,2,NA,516,16,4,2,299,66,11,2,116
126,"Caroline County, MD",2011,255,7,104,17,54,42,22,16,4,14,24,45,16,61,1,NA,NA,11,1,3,5,2,19,217,15,4,0,0,154,1,92,8,11,7,NA,1,2,0,1,NA,233,2,0,1,150,37,1,1,41
127,"Carroll County, MD",2011,1492,98,605,64,205,235,97,51,28,128,121,424,128,552,11,NA,NA,296,56,32,186,22,404,1027,41,20,1,8,818,100,519,46,43,25,NA,3,0,3,12,NA,1153,24,26,10,683,148,17,2,243
128,"Cecil County, MD",2011,1039,38,487,42,125,123,61,30,16,75,83,407,73,480,4,NA,NA,313,61,40,186,26,431,570,27,11,1,16,594,99,282,47,41,25,NA,3,2,4,7,NA,685,16,26,4,398,82,11,0,148
129,"Charles County, MD",2011,950,34,270,54,144,121,57,35,22,65,79,296,71,367,6,NA,NA,202,28,20,139,15,323,603,12,12,3,6,515,58,326,32,35,15,NA,2,5,5,8,NA,713,25,14,3,427,91,10,NA,143
130,"Dorchester County, MD",2011,339,7,177,9,35,44,17,10,8,23,31,127,33,160,2,NA,NA,101,20,18,58,5,146,182,8,3,0,3,201,29,96,10,21,13,NA,3,0,1,4,NA,217,10,4,0,131,22,7,0,43
131,"Frederick County, MD",2011,1802,109,598,115,291,279,130,62,45,153,137,459,117,576,14,NA,NA,222,47,36,124,15,344,1369,72,17,2,4,1000,70,667,59,62,38,NA,5,4,4,11,NA,1518,19,27,11,916,209,28,1,307
132,"Garrett County, MD",2011,259,11,167,11,46,44,14,11,5,19,16,76,17,93,NA,NA,NA,35,2,11,20,2,62,186,9,2,0,2,155,7,86,9,8,4,NA,2,NA,1,1,NA,216,2,1,3,130,34,6,1,39
133,"Harford County, MD",2011,2308,113,982,101,354,331,151,66,44,152,186,716,190,906,17,NA,NA,493,97,80,286,30,674,1557,49,28,3,13,1242,170,784,97,82,40,NA,12,4,8,18,NA,1733,31,49,14,1031,234,29,0,345
134,"Howard County, MD",2011,1660,82,636,88,214,220,133,55,42,138,172,449,131,580,18,NA,NA,295,41,36,201,17,412,1184,46,18,4,6,905,81,591,73,67,38,NA,13,3,5,8,NA,1298,24,13,17,771,168,19,0,286
135,"Kent County, MD",2011,239,10,82,10,36,30,21,12,2,12,21,75,19,94,1,NA,NA,50,12,6,29,3,77,157,5,0,0,3,115,27,84,10,7,4,NA,1,0,1,1,NA,182,2,8,0,107,30,6,NA,29
136,"Montgomery County, MD",2011,589,46,357,41,109,123,47,14,17,38,35,135,23,158,7,NA,NA,52,8,13,30,1,69,506,6,8,0,2,325,8,226,28,17,8,NA,7,1,1,0,NA,520,10,15,8,342,68,5,0,72
137,"Prince Georges County, MD",2011,474,25,282,29,86,79,36,21,5,26,37,128,22,150,5,NA,NA,59,7,7,40,5,66,385,11,12,0,0,264,6,169,35,27,10,NA,6,1,1,9,NA,388,12,3,4,250,52,4,NA,63
138,"Queen Anne’s County, MD",2011,357,18,286,28,56,75,30,15,11,23,20,70,23,93,6,NA,NA,38,8,9,18,3,46,300,8,3,0,2,206,8,134,7,3,3,NA,0,0,NA,0,NA,316,3,3,3,210,37,3,NA,57
139,"Somerset County, MD",2011,133,8,112,4,22,25,7,5,3,7,7,42,15,57,0,NA,NA,15,7,2,5,1,32,94,6,1,0,2,75,4,47,5,4,4,NA,0,NA,NA,NA,NA,114,2,2,NA,67,14,1,1,27
140,"St. Mary’s County, MD",2011,926,30,474,35,132,135,67,41,24,60,66,305,56,361,5,NA,NA,189,25,27,121,16,328,567,24,7,0,3,535,56,287,46,47,20,NA,8,4,7,8,NA,690,22,8,4,412,78,23,2,141
141,"Talbot County, MD",2011,439,21,99,16,49,52,23,18,7,21,42,154,55,209,2,NA,NA,136,34,14,86,8,205,217,11,6,1,3,246,45,119,25,15,6,NA,2,0,1,6,NA,288,6,9,7,162,37,4,NA,63
142,"Washington County, MD",2011,1142,62,421,62,194,185,86,50,18,86,81,304,69,373,7,NA,NA,189,35,21,121,12,282,814,28,18,0,5,634,73,380,50,33,17,NA,4,3,3,6,NA,920,8,11,10,601,105,22,0,163
143,"Wicomico County, MD",2011,864,26,385,40,119,122,51,26,23,50,55,300,72,372,6,NA,NA,205,31,25,142,7,307,518,27,12,0,5,484,70,271,34,31,17,NA,4,2,2,6,NA,628,14,26,6,375,81,14,NA,112
144,"Worcester County, MD",2011,437,27,306,17,63,53,22,11,4,20,22,96,52,148,77,NA,NA,52,11,10,27,4,113,239,82,3,1,1,289,15,111,20,13,9,NA,0,NA,1,3,NA,372,10,81,6,169,39,4,NA,63
145,"Allegany County, MD",2012,681,17,461,20,76,105,28,17,17,49,40,251,61,320,6,8,3,156,33,25,91,7,218,405,47,11,2,11,371,44,223,30,35,23,NA,2,1,2,7,NA,490,14,7,4,283,64,3,NA,115
146,"Anne Arundel County, MD",2012,4072,187,1915,176,599,552,280,150,89,320,353,1196,325,1546,5,25,2,811,113,109,551,38,1147,2737,131,57,0,20,2325,270,1300,157,138,68,NA,33,9,4,24,NA,3123,50,56,30,1886,464,39,1,597
147,"Baltimore City, MD",2012,5827,173,11306,214,668,642,285,175,105,297,476,2401,498,2955,6,56,4,1754,316,225,1112,101,2665,2948,141,73,14,72,3243,628,1503,367,434,207,NA,50,16,53,108,NA,3639,64,104,61,2120,607,68,6,609
148,"Baltimore County, MD",2012,6514,326,5486,313,953,829,404,196,106,449,540,2047,592,2696,23,57,5,1226,227,202,736,61,1683,4504,250,77,4,36,3802,360,2041,271,299,150,NA,62,20,20,47,NA,4989,75,85,86,2897,758,94,2,992
149,"Calvert County, MD",2012,622,20,308,27,109,84,48,26,17,49,59,159,38,202,1,5,NA,80,15,12,49,4,124,458,27,13,0,5,363,31,205,18,24,14,NA,2,2,3,3,NA,518,15,7,13,309,65,12,0,97
150,"Caroline County, MD",2012,209,18,80,13,37,31,16,13,3,19,9,40,25,67,1,2,NA,12,2,5,4,1,22,170,15,2,0,0,125,3,77,4,6,4,NA,0,1,0,1,NA,191,2,2,3,128,15,2,0,39
151,"Carroll County, MD",2012,1417,76,440,56,199,185,90,55,29,88,129,457,115,584,1,12,1,292,59,30,190,13,396,955,50,16,4,7,840,106,411,49,69,46,NA,8,0,3,12,NA,1056,11,14,20,626,162,21,1,201
152,"Cecil County, MD",2012,918,23,369,39,125,102,54,28,18,61,67,349,67,423,NA,7,1,249,48,32,158,11,361,521,26,10,0,11,526,87,260,34,39,16,NA,4,2,3,14,NA,630,10,13,7,392,82,11,2,113
153,"Charles County, MD",2012,955,45,238,37,160,133,68,27,17,52,82,298,74,378,1,6,NA,190,42,24,117,7,316,615,14,10,1,6,590,51,276,31,52,25,NA,7,7,3,10,NA,713,21,18,2,441,99,9,NA,123
154,"Dorchester County, MD",2012,312,8,134,10,38,30,19,8,4,21,34,124,24,148,0,NA,NA,115,29,9,75,2,153,143,12,4,0,1,181,34,81,15,10,7,NA,0,0,0,3,NA,187,1,2,0,115,31,4,0,34
155,"Frederick County, MD",2012,1826,99,568,87,280,288,150,81,55,173,143,444,112,556,13,NA,NA,245,47,37,148,13,413,1328,66,19,0,3,1047,78,629,69,65,31,NA,11,6,5,12,NA,1516,18,35,23,968,175,15,1,281
156,"Garrett County, MD",2012,240,7,114,9,46,30,11,6,6,20,27,70,12,85,NA,3,NA,49,8,11,30,0,73,154,6,7,0,3,143,11,78,5,9,5,NA,1,NA,3,0,NA,182,5,5,4,114,24,6,0,24
157,"Harford County, MD",2012,2145,89,776,120,303,298,153,71,40,141,152,681,172,864,1,11,2,468,85,60,297,26,658,1435,31,21,3,17,1196,164,673,92,88,44,NA,11,5,6,22,NA,1589,23,27,15,961,201,23,0,339
158,"Howard County, MD",2012,1713,66,577,88,238,223,126,71,41,151,179,437,132,583,7,14,6,292,53,46,183,10,407,1217,83,6,1,8,985,74,589,56,59,25,NA,10,14,2,8,NA,1362,15,22,19,799,219,11,0,277
159,"Kent County, MD",2012,202,7,47,4,21,25,13,8,2,20,10,74,24,99,NA,1,NA,47,7,6,30,4,65,125,10,2,1,2,111,16,62,10,6,4,NA,0,0,2,0,NA,149,6,4,5,78,19,6,NA,31
160,"Montgomery County, MD",2012,507,29,353,23,98,100,45,24,14,31,29,111,27,142,1,4,NA,39,6,12,19,2,48,444,11,4,1,1,301,5,180,19,19,5,NA,3,3,4,4,NA,449,8,14,4,295,62,3,1,62
161,"Prince Georges County, MD",2012,444,17,215,35,84,73,37,19,7,17,32,117,21,140,NA,2,NA,46,6,12,27,1,67,370,3,4,1,0,259,8,155,21,21,6,NA,9,3,1,2,NA,377,7,5,10,247,58,3,NA,47
162,"Queen Anne’s County, MD",2012,321,20,171,17,52,43,34,8,7,28,21,82,27,111,NA,2,NA,30,5,8,16,1,67,241,9,4,0,1,180,13,118,9,14,7,NA,2,1,2,2,NA,277,2,4,0,164,48,3,NA,56
163,"Somerset County, MD",2012,147,5,94,6,18,28,8,7,2,16,3,43,16,59,0,NA,NA,8,6,1,1,0,30,115,1,1,0,2,91,5,44,5,6,3,NA,1,NA,NA,2,NA,133,2,1,NA,73,22,2,0,33
164,"St. Mary’s County, MD",2012,868,33,392,35,125,105,47,34,18,50,84,297,66,370,NA,7,NA,199,44,27,114,14,302,528,31,7,0,8,553,63,214,30,38,20,NA,7,2,2,7,NA,631,29,5,7,349,77,13,0,151
165,"Talbot County, MD",2012,397,7,111,17,37,39,23,9,7,29,33,159,42,203,NA,2,NA,117,36,17,61,3,186,202,7,2,0,5,242,41,90,19,28,12,NA,4,3,0,9,NA,252,7,5,5,129,43,7,NA,56
166,"Washington County, MD",2012,1202,26,434,62,166,174,88,64,34,96,68,335,105,450,NA,10,NA,186,21,30,125,10,318,825,45,14,1,10,705,62,380,44,52,30,NA,8,2,5,7,NA,964,13,15,10,601,103,18,1,203
167,"Wicomico County, MD",2012,788,20,270,42,101,99,52,23,20,54,64,262,63,330,3,5,NA,189,27,28,127,7,285,468,28,7,3,3,442,57,244,39,35,20,NA,6,0,3,6,NA,564,8,16,4,343,70,19,NA,104
168,"Worcester County, MD",2012,346,12,278,18,52,51,19,13,9,19,26,96,37,137,1,4,1,47,14,8,22,3,93,240,10,3,0,3,212,20,97,14,13,7,NA,4,2,0,0,NA,286,7,10,5,158,39,13,NA,54
169,"Allegany County, MD",2013,638,29,396,28,70,71,32,28,9,40,46,236,76,313,NA,1,1,160,21,15,117,7,231,365,36,6,0,2,361,45,196,34,13,11,NA,1,0,0,1,NA,465,7,6,5,256,66,3,NA,122
170,"Anne Arundel County, MD",2013,3830,176,1545,192,543,514,271,125,81,322,338,1105,318,1440,2,17,2,775,123,101,521,30,1131,2557,97,45,2,16,2207,263,1204,138,145,70,NA,18,25,11,21,NA,2910,60,51,31,1750,345,51,1,621
171,"Baltimore City, MD",2013,5539,112,10313,238,716,541,285,148,91,314,437,2194,528,2760,4,38,5,1673,273,216,1119,65,2514,2827,132,66,13,53,3123,586,1411,353,375,192,NA,29,34,36,84,NA,3491,49,110,58,2099,495,71,6,603
172,"Baltimore County, MD",2013,6326,246,4607,321,939,834,380,201,134,441,524,1877,608,2542,5,57,5,1150,187,189,733,41,1575,4408,266,77,4,30,3697,339,1983,273,288,139,NA,40,32,27,50,NA,4888,68,117,62,2895,708,74,2,962
173,"Calvert County, MD",2013,586,16,293,31,81,104,34,24,7,45,47,161,46,213,NA,6,NA,93,17,21,53,2,156,410,16,4,0,2,359,40,171,14,19,9,NA,5,2,0,3,NA,474,30,3,6,288,55,8,0,84
174,"Caroline County, MD",2013,228,20,58,14,36,37,22,11,13,14,17,48,16,64,NA,NA,NA,14,2,2,10,0,18,191,16,3,0,1,138,6,73,10,5,3,NA,0,1,0,1,NA,209,4,5,0,132,17,4,0,47
175,"Carroll County, MD",2013,1466,89,393,75,167,201,86,45,24,114,127,491,118,626,NA,17,1,328,49,47,216,16,450,967,34,15,3,12,837,108,441,65,63,36,NA,7,5,0,15,NA,1075,30,17,17,617,160,16,2,216
176,"Cecil County, MD",2013,830,25,206,43,109,104,50,28,13,72,59,295,53,352,NA,4,0,211,43,32,123,13,320,479,26,5,0,13,467,80,240,30,21,8,NA,4,2,4,3,NA,598,9,7,2,370,88,10,0,112
177,"Charles County, MD",2013,842,22,182,42,110,134,48,20,20,46,77,269,69,343,2,5,NA,177,32,30,112,3,288,538,11,5,0,5,496,64,241,36,34,17,NA,6,4,2,5,NA,631,14,14,8,373,85,11,NA,126
178,"Dorchester County, MD",2013,271,9,106,13,37,29,15,12,6,26,13,90,29,119,NA,NA,1,74,11,13,50,0,106,149,14,2,0,2,154,16,92,7,9,4,NA,1,1,1,2,NA,188,4,1,0,119,26,4,0,34
179,"Frederick County, MD",2013,1758,90,413,79,299,256,127,67,39,145,157,444,125,585,3,16,1,241,48,36,149,8,366,1294,83,15,0,9,1000,77,615,57,61,26,NA,8,8,8,11,NA,1456,17,30,10,891,192,18,1,297
180,"Garrett County, MD",2013,217,11,115,10,41,33,16,7,3,18,12,57,18,75,2,NA,NA,31,3,6,21,1,51,151,9,6,0,1,123,11,68,14,11,6,NA,1,NA,4,0,NA,175,2,1,0,114,21,2,1,34
181,"Harford County, MD",2013,1984,83,555,100,284,297,120,57,49,135,188,576,166,754,NA,12,NA,398,79,59,243,17,592,1326,51,15,3,20,1139,147,588,87,91,48,NA,11,6,3,23,NA,1495,15,22,22,912,196,36,1,291
182,"Howard County, MD",2013,1673,71,394,68,248,200,99,55,38,181,186,442,140,595,2,13,1,288,42,34,200,12,410,1159,92,12,0,6,899,92,612,64,64,37,NA,5,6,2,14,NA,1321,21,25,24,753,190,9,1,298
183,"Kent County, MD",2013,208,3,37,6,23,27,18,4,6,13,13,73,24,98,NA,1,NA,47,4,10,26,7,75,124,7,2,1,3,120,14,63,7,9,6,NA,0,0,0,3,NA,152,3,0,2,89,18,3,1,36
184,"Montgomery County, MD",2013,424,36,242,30,71,63,36,26,18,21,29,95,29,130,NA,6,NA,43,7,10,25,1,50,362,8,4,1,0,250,9,144,20,13,5,NA,3,1,3,1,NA,368,11,5,4,235,44,6,0,63
185,"Prince Georges County, MD",2013,416,17,150,39,82,65,24,17,8,26,20,106,23,135,NA,6,NA,33,9,8,15,1,45,361,7,3,0,0,251,4,138,23,20,9,NA,8,1,1,1,NA,363,4,6,5,233,43,4,NA,68
186,"Queen Anne’s County, MD",2013,314,13,126,21,47,45,22,17,9,27,25,77,20,101,NA,4,NA,27,8,5,12,2,62,238,10,4,1,1,178,16,111,7,10,7,NA,1,1,0,1,NA,277,4,6,2,165,44,5,NA,51
187,"Somerset County, MD",2013,111,5,64,6,17,17,2,4,6,7,9,24,16,40,3,NA,NA,13,3,2,8,NA,22,76,9,4,0,0,69,4,33,5,2,1,NA,1,NA,NA,NA,NA,96,1,4,NA,56,16,0,NA,19
188,"St. Mary’s County, MD",2013,846,27,360,41,122,121,54,27,17,55,85,254,63,322,NA,5,2,199,36,30,121,12,298,507,36,5,1,8,482,57,265,33,30,19,NA,3,3,0,5,NA,617,21,6,6,370,74,15,NA,125
189,"Talbot County, MD",2013,309,21,98,10,22,33,24,10,9,19,30,101,48,150,1,1,1,94,12,17,59,6,135,152,19,3,0,3,166,30,96,14,11,7,NA,2,0,0,2,NA,204,3,11,2,116,24,6,NA,42
190,"Washington County, MD",2013,1223,32,360,56,176,177,78,42,32,76,101,374,101,485,NA,10,NA,239,24,34,173,8,385,769,55,14,2,12,687,100,374,48,48,17,NA,6,6,4,15,NA,936,14,7,12,603,117,7,NA,176
191,"Wicomico County, MD",2013,753,22,247,39,103,114,52,15,18,48,47,228,84,316,1,4,NA,157,19,17,114,7,282,435,33,3,2,7,439,64,227,14,30,13,NA,5,5,3,4,NA,566,12,17,12,343,53,9,NA,120
192,"Worcester County, MD",2013,352,11,263,11,37,44,31,12,7,23,25,101,57,161,NA,3,1,55,10,7,36,2,106,232,12,2,0,7,204,22,110,9,22,16,NA,1,0,4,1,NA,275,4,0,10,141,45,6,NA,69
193,"Allegany County, MD",2014,539,20,321,19,54,85,27,9,9,26,47,199,62,261,2,NA,NA,122,18,26,72,6,185,311,36,7,1,4,336,36,140,22,21,17,NA,1,0,0,3,NA,396,3,4,5,219,46,13,NA,106
194,"Anne Arundel County, MD",2014,3598,164,1322,181,487,463,201,123,69,282,364,1113,289,1402,26,NA,NA,815,127,110,547,31,1161,2281,115,41,3,27,2156,252,1024,136,104,45,NA,17,16,8,18,NA,2679,47,102,41,1533,357,46,NA,553
195,"Baltimore City, MD",2014,5130,113,6964,195,635,486,212,110,73,289,393,2095,468,2563,174,NA,NA,1567,247,192,1029,99,2467,2479,126,58,10,69,2935,578,1235,303,342,139,NA,34,30,34,105,NA,3221,40,234,37,1787,465,86,3,569
196,"Baltimore County, MD",2014,5555,215,3262,255,796,693,365,186,103,417,435,1696,539,2235,70,NA,NA,1011,136,153,682,40,1448,3805,235,67,0,22,3319,284,1705,225,256,120,NA,55,28,25,28,NA,4288,44,117,59,2462,617,78,1,910
197,"Calvert County, MD",2014,531,20,145,22,84,91,42,13,7,35,39,143,45,188,10,NA,NA,86,11,19,55,1,151,357,20,3,0,4,305,33,166,23,24,13,NA,3,1,1,6,NA,421,14,5,4,253,59,8,0,78
198,"Caroline County, MD",2014,210,14,58,12,39,50,17,7,7,11,10,45,12,57,NA,NA,NA,14,2,3,9,0,19,172,17,2,0,0,127,5,72,6,7,3,NA,3,0,1,0,NA,189,0,0,0,136,21,2,0,30
199,"Carroll County, MD",2014,1347,63,291,46,184,155,61,47,35,92,136,451,133,584,7,NA,NA,327,49,56,209,13,445,827,64,11,1,11,783,103,402,47,60,36,NA,12,6,1,5,NA,960,11,13,13,545,134,14,1,229
200,"Cecil County, MD",2014,829,20,179,34,104,113,40,22,17,67,64,302,63,365,3,NA,NA,225,42,29,142,12,323,474,25,7,0,9,481,97,217,25,30,14,NA,2,2,3,9,NA,574,12,3,4,332,83,20,1,119
201,"Charles County, MD",2014,894,18,177,43,109,107,56,25,15,58,77,316,83,399,5,NA,NA,214,35,31,135,13,363,512,10,9,2,8,525,67,253,39,28,12,NA,6,2,4,4,NA,652,17,19,3,369,95,19,1,129
202,"Dorchester County, MD",2014,282,5,145,16,34,38,13,6,5,22,26,94,27,121,1,NA,NA,79,11,15,49,4,111,165,6,0,0,4,175,26,72,5,8,5,NA,0,1,0,2,NA,195,1,2,1,118,28,5,0,40
203,"Frederick County, MD",2014,1631,91,224,76,271,229,102,56,16,117,167,440,138,578,19,NA,NA,315,40,55,205,15,443,1088,82,18,1,10,949,101,522,48,49,26,NA,8,9,2,7,NA,1267,14,24,11,774,151,19,1,273
204,"Garrett County, MD",2014,202,8,90,8,42,28,19,6,3,10,15,53,16,69,2,NA,NA,40,6,5,28,1,69,121,6,3,0,0,120,11,62,9,3,1,NA,1,NA,0,1,NA,159,5,1,0,110,16,6,0,21
205,"Harford County, MD",2014,1876,59,433,121,292,238,108,65,38,106,151,571,169,740,17,NA,NA,391,61,50,259,21,610,1201,45,20,0,10,1057,144,594,71,81,30,NA,16,12,4,19,NA,1404,26,24,8,831,147,20,2,346
206,"Howard County, MD",2014,1530,60,335,65,201,181,82,53,45,144,183,438,124,562,14,NA,NA,313,28,39,233,13,453,985,82,10,2,11,891,78,494,54,70,33,NA,13,9,6,9,NA,1147,23,33,24,643,154,13,3,254
207,"Kent County, MD",2014,187,3,42,9,23,23,16,1,4,8,11,73,19,92,NA,NA,NA,55,7,8,38,2,83,95,5,4,0,3,97,27,51,9,6,5,NA,0,0,0,1,NA,126,1,0,0,76,20,4,0,25
208,"Montgomery County, MD",2014,434,32,200,28,75,70,37,17,6,27,19,113,38,151,4,NA,NA,30,5,0,25,0,50,371,4,9,0,0,228,8,174,24,24,8,NA,9,5,0,2,NA,380,2,8,3,231,69,0,0,67
209,"Prince Georges County, MD",2014,355,8,101,20,68,71,16,13,2,16,20,98,25,123,6,NA,NA,39,3,12,21,3,36,304,6,9,0,0,231,2,108,14,13,2,NA,7,2,2,NA,NA,303,4,3,3,192,39,6,NA,56
210,"Queen Anne’s County, MD",2014,261,22,103,19,40,37,19,9,6,24,23,60,22,82,2,NA,NA,19,0,8,9,2,45,206,8,2,0,0,146,15,88,12,10,5,NA,1,3,1,NA,NA,232,4,4,2,137,23,6,NA,56
211,"Somerset County, MD",2014,112,4,63,6,17,20,3,6,2,10,4,34,8,42,2,NA,NA,9,3,2,3,1,28,78,6,NA,0,1,66,3,34,8,7,6,NA,1,NA,NA,NA,NA,96,2,4,1,54,10,5,NA,20
212,"St. Mary’s County, MD",2014,812,24,272,24,95,108,52,28,11,56,62,303,61,364,12,NA,NA,206,22,24,153,7,299,474,31,8,0,6,480,58,238,30,48,29,NA,10,1,1,7,NA,558,28,20,11,329,62,9,2,97
213,"Talbot County, MD",2014,342,8,79,12,44,27,15,7,6,16,44,113,53,166,5,NA,NA,120,25,9,81,5,175,157,7,3,0,7,182,43,91,19,17,9,NA,2,0,2,4,NA,205,2,1,2,115,32,6,NA,47
214,"Washington County, MD",2014,1047,28,287,63,152,158,64,32,32,61,95,290,97,387,3,NA,NA,211,32,35,133,11,314,677,41,15,0,3,624,76,307,37,42,23,NA,6,4,2,7,NA,794,16,18,6,508,79,15,NA,152
215,"Wicomico County, MD",2014,725,20,197,29,112,95,51,25,17,36,69,214,73,287,1,NA,NA,171,17,16,128,10,300,390,25,10,1,6,400,72,213,33,29,11,NA,8,2,0,8,NA,525,12,14,15,320,58,20,1,85
216,"Worcester County, MD",2014,328,16,186,13,42,47,27,15,4,13,24,95,43,138,5,NA,NA,46,11,10,23,2,105,211,6,6,1,3,196,21,92,15,18,4,NA,8,1,0,5,NA,264,4,3,3,144,47,11,NA,52
217,"Allegany County, MD",2015,522,23,273,21,72,90,27,16,12,28,28,160,62,222,6,NA,NA,102,16,12,67,7,160,319,36,7,0,10,298,45,151,18,12,6,NA,2,0,1,3,NA,408,4,5,1,251,40,9,NA,98
218,"Anne Arundel County, MD",2015,3455,149,972,182,456,449,196,100,79,309,349,988,322,1310,25,NA,NA,794,109,124,520,41,1079,2187,147,42,9,23,2076,257,945,145,144,64,NA,28,22,12,18,NA,2517,49,57,43,1471,312,29,NA,556
219,"Baltimore City, MD",2015,5078,108,4272,198,556,456,191,135,67,245,430,2280,455,2735,65,NA,NA,1836,458,211,1082,85,2709,2206,92,71,8,93,2757,700,1144,376,387,180,NA,37,24,40,106,NA,2855,37,120,55,1638,451,81,9,464
220,"Baltimore County, MD",2015,5377,198,2332,236,687,612,279,157,104,425,460,1742,612,2354,63,NA,NA,1071,161,183,673,54,1628,3460,226,63,3,42,3222,329,1516,265,279,145,NA,51,27,21,35,NA,4027,51,126,61,2171,623,67,4,924
221,"Calvert County, MD",2015,504,19,112,19,70,84,35,28,10,36,39,138,42,180,3,NA,NA,87,10,13,59,5,145,345,9,5,1,4,303,36,142,18,14,8,NA,2,2,1,1,NA,403,23,1,8,232,44,4,0,91
222,"Caroline County, MD",2015,210,10,62,12,40,35,12,9,5,17,9,54,15,69,2,NA,NA,18,2,9,7,0,13,179,15,3,0,0,138,1,61,10,6,5,NA,1,0,0,0,NA,186,3,5,1,119,17,2,0,39
223,"Carroll County, MD",2015,1395,54,275,64,188,174,81,44,22,83,110,463,123,586,43,NA,NA,295,54,40,190,11,420,878,85,12,2,15,843,102,372,61,61,26,NA,12,11,1,11,NA,1039,16,52,8,590,134,20,1,218
224,"Cecil County, MD",2015,770,30,132,28,95,82,40,23,15,34,69,321,54,375,9,NA,NA,254,60,32,145,17,356,394,12,8,1,23,456,87,167,36,33,16,NA,10,2,1,4,NA,483,4,6,6,289,56,11,1,110
225,"Charles County, MD",2015,784,27,131,33,116,73,44,26,15,39,81,279,75,354,3,NA,NA,230,45,28,143,14,360,408,8,8,0,12,459,70,206,37,46,28,NA,6,2,4,6,NA,508,8,8,1,308,70,12,0,101
226,"Dorchester County, MD",2015,277,9,123,8,39,42,13,8,5,13,25,93,30,123,1,NA,NA,86,21,8,52,5,126,142,8,1,0,6,166,30,61,14,14,6,NA,4,0,2,2,NA,177,2,1,1,118,17,3,0,35
227,"Frederick County, MD",2015,1648,67,237,63,213,179,103,61,38,137,180,492,155,647,27,NA,NA,352,64,52,221,15,460,1066,97,25,1,5,993,97,477,75,58,33,NA,9,6,4,6,NA,1238,24,24,14,682,155,24,1,314
228,"Garrett County, MD",2015,219,8,108,7,41,44,20,3,2,11,11,56,22,78,2,NA,NA,34,8,3,22,1,71,144,1,3,0,1,140,11,58,9,10,4,NA,2,2,1,1,NA,175,0,3,1,122,15,6,0,28
229,"Harford County, MD",2015,1810,70,366,73,233,243,100,56,43,121,145,604,175,779,17,NA,NA,417,96,64,242,15,605,1139,45,21,2,26,1022,154,515,91,94,46,NA,13,6,3,26,NA,1299,11,26,21,733,165,13,1,329
230,"Howard County, MD",2015,1580,68,302,79,157,195,87,54,38,134,212,449,161,610,14,NA,NA,303,48,49,191,15,456,1012,86,26,1,10,958,104,429,78,76,36,NA,17,6,5,12,NA,1201,21,44,14,636,177,19,0,290
231,"Kent County, MD",2015,216,6,41,6,23,34,3,0,6,20,23,72,27,99,2,NA,NA,53,13,7,30,3,97,111,6,2,0,3,122,25,54,12,14,9,NA,0,0,0,5,NA,149,2,10,2,74,24,4,0,33
232,"Montgomery County, MD",2015,507,30,158,27,97,62,38,22,7,38,33,118,51,169,14,NA,NA,34,5,6,21,2,53,434,15,5,0,0,315,6,145,41,15,5,NA,4,3,1,2,NA,458,7,22,6,274,69,5,0,75
233,"Prince Georges County, MD",2015,444,5,108,27,76,63,24,11,13,16,25,150,31,181,8,NA,NA,33,7,7,17,2,49,387,3,5,0,3,278,7,123,33,18,12,NA,3,1,1,1,NA,393,4,27,5,208,57,3,NA,89
234,"Queen Anne’s County, MD",2015,307,15,65,18,58,37,27,13,10,24,20,60,36,96,4,NA,NA,26,4,10,11,1,41,243,21,2,0,1,186,12,100,8,15,8,NA,3,3,1,NA,NA,266,2,6,3,161,27,9,NA,58
235,"Somerset County, MD",2015,111,7,48,5,26,23,10,3,3,4,5,26,6,32,NA,NA,NA,7,3,1,3,NA,27,78,3,3,0,0,54,7,45,5,12,6,NA,2,NA,3,1,NA,92,1,0,2,63,3,0,NA,23
236,"St. Mary’s County, MD",2015,795,18,187,30,85,106,53,23,11,53,82,285,64,349,3,NA,NA,211,44,22,135,10,340,418,35,2,3,14,468,72,207,31,38,19,NA,5,4,4,6,NA,546,15,11,3,310,69,11,NA,127
237,"Talbot County, MD",2015,360,10,67,15,24,31,9,8,6,24,32,144,62,206,5,NA,NA,116,26,15,70,5,198,157,3,2,1,9,199,54,76,21,31,18,NA,7,1,2,3,NA,213,3,15,1,95,34,9,NA,56
238,"Washington County, MD",2015,1079,33,227,55,163,133,67,33,18,65,83,368,89,457,5,NA,NA,261,47,34,168,12,378,640,49,12,3,14,632,90,287,53,46,20,NA,9,3,2,12,NA,772,17,9,10,488,82,16,1,149
239,"Wicomico County, MD",2015,785,23,178,33,125,118,43,23,12,46,64,244,72,316,5,NA,NA,171,24,23,110,14,334,421,23,7,0,8,451,77,214,35,46,27,NA,5,4,3,7,NA,568,12,10,7,355,63,14,0,107
240,"Worcester County, MD",2015,304,22,163,9,55,28,12,10,6,18,18,104,38,142,6,NA,NA,42,10,11,21,NA,101,190,8,5,0,2,203,23,59,17,19,11,NA,6,0,0,2,NA,243,5,5,4,124,38,21,NA,46
241,"Allegany County, MD",2016,644,21,215,26,80,66,37,17,10,30,40,260,71,331,7,NA,NA,201,94,20,83,4,257,354,26,7,5,53,351,63,148,24,29,12,NA,4,4,4,5,NA,414,5,6,5,231,49,6,NA,112
242,"Anne Arundel County, MD",2016,3509,133,795,174,466,415,215,92,80,283,341,1086,296,1382,61,NA,NA,850,179,117,530,24,1135,2193,135,46,5,83,2103,278,899,141,125,71,NA,20,4,9,21,NA,2534,27,90,40,1470,351,43,1,512
243,"Baltimore City, MD",2016,5126,81,3702,191,594,429,236,130,87,244,469,2211,469,2680,66,NA,NA,1743,385,221,1068,69,2626,2329,94,77,16,171,2865,655,1069,350,365,164,NA,37,18,49,97,NA,3018,32,122,52,1659,486,69,6,592
244,"Baltimore County, MD",2016,5698,212,2221,239,768,675,298,183,119,405,419,1832,668,2500,92,NA,NA,1136,179,205,708,44,1551,3908,168,71,7,63,3449,369,1553,257,267,143,NA,39,15,18,52,NA,4295,37,122,75,2314,710,76,7,954
245,"Calvert County, MD",2016,519,16,88,26,69,71,36,20,11,33,39,162,46,208,6,NA,NA,104,21,19,62,2,160,346,4,9,0,5,321,41,125,27,21,11,NA,4,2,1,3,NA,394,17,4,9,221,46,4,1,92
246,"Caroline County, MD",2016,207,9,49,15,33,42,19,6,4,18,14,45,11,56,NA,NA,NA,16,1,8,7,0,15,178,12,2,0,0,124,3,75,5,3,1,NA,0,1,1,0,NA,188,1,4,1,126,22,2,0,32
247,"Carroll County, MD",2016,1422,52,276,49,185,169,83,39,30,98,130,482,147,629,10,NA,NA,330,73,47,200,10,427,917,68,10,1,25,816,121,392,67,60,35,NA,8,3,1,13,NA,1032,16,20,19,562,135,22,2,256
248,"Cecil County, MD",2016,719,25,121,29,95,87,31,19,21,45,59,258,71,329,4,NA,NA,197,46,28,115,8,302,385,20,12,0,9,409,86,178,37,39,19,NA,3,3,5,9,NA,483,2,13,3,293,64,10,1,97
249,"Charles County, MD",2016,810,20,128,27,118,78,44,21,16,43,71,308,81,389,3,NA,NA,249,79,30,127,13,381,397,16,16,3,40,431,61,190,85,39,17,NA,4,4,2,12,NA,522,11,13,6,299,72,11,0,110
250,"Dorchester County, MD",2016,282,11,121,9,22,33,18,9,5,11,16,138,20,158,1,NA,NA,115,44,10,58,3,161,116,3,2,0,11,159,44,55,13,9,5,NA,4,0,0,0,NA,158,1,1,3,92,20,4,2,35
251,"Frederick County, MD",2016,1542,100,266,65,221,178,96,50,26,125,134,486,126,612,35,NA,NA,357,49,53,244,11,484,950,77,21,2,10,936,101,405,88,58,24,NA,7,12,4,11,NA,1127,10,32,12,652,159,32,0,230
252,"Garrett County, MD",2016,256,8,116,13,25,37,22,8,9,17,24,68,26,94,7,NA,NA,50,7,3,40,0,78,170,7,1,0,0,157,20,74,5,12,2,NA,4,4,0,2,NA,194,1,3,6,113,29,6,0,36
253,"Harford County, MD",2016,1979,79,335,103,265,271,129,56,35,135,154,631,185,816,15,NA,NA,454,113,61,269,11,623,1281,51,24,5,50,1143,150,549,82,75,39,NA,12,10,5,9,NA,1450,11,34,25,846,185,21,3,325
254,"Howard County, MD",2016,1615,70,312,69,197,156,90,37,38,141,182,522,166,688,17,NA,NA,369,65,44,255,5,517,995,84,19,2,9,969,115,438,82,57,33,NA,4,8,3,9,NA,1189,15,36,20,622,199,30,0,267
255,"Kent County, MD",2016,185,7,59,5,15,24,12,6,2,8,15,64,33,97,1,NA,NA,44,13,9,22,0,90,90,4,1,0,6,116,9,42,12,20,12,NA,0,2,2,4,NA,121,1,3,1,68,14,7,0,27
256,"Montgomery County, MD",2016,547,33,152,34,95,98,31,20,13,47,35,124,43,167,7,NA,NA,68,10,19,35,4,80,439,24,4,0,1,328,2,156,60,24,12,NA,4,5,2,1,NA,455,0,3,11,295,59,7,0,80
257,"Prince Georges County, MD",2016,436,12,137,36,77,60,36,12,6,21,23,124,34,158,7,NA,NA,35,3,8,22,2,60,371,4,1,0,1,239,3,144,49,20,9,NA,4,3,3,1,NA,381,5,12,6,221,59,7,NA,71
258,"Queen Anne’s County, MD",2016,276,15,76,13,48,38,20,14,6,29,19,67,19,86,3,NA,NA,22,3,5,12,2,53,208,12,3,0,0,173,12,78,13,14,7,NA,1,4,0,2,NA,240,3,8,1,133,36,8,NA,51
259,"Somerset County, MD",2016,117,5,58,5,21,20,7,6,4,6,2,31,12,43,3,NA,NA,10,4,2,3,1,30,85,2,0,0,1,77,4,27,8,7,6,NA,1,NA,0,0,NA,100,1,2,1,65,13,2,NA,16
260,"St. Mary’s County, MD",2016,778,27,160,24,97,95,38,21,21,55,73,274,77,351,3,NA,NA,226,52,21,147,6,321,418,34,5,2,32,454,71,177,42,36,24,NA,4,1,2,5,NA,516,12,13,3,289,68,11,NA,120
261,"Talbot County, MD",2016,333,14,63,10,32,34,13,9,6,19,26,139,40,179,5,NA,NA,103,24,19,56,4,157,168,5,3,1,9,179,43,80,21,14,5,NA,2,5,0,2,NA,216,1,12,5,100,41,14,NA,43
262,"Washington County, MD",2016,1035,32,204,55,154,139,47,42,22,52,98,340,79,419,7,NA,NA,256,26,28,192,10,371,621,30,13,1,10,649,65,255,55,42,27,NA,5,4,2,4,NA,737,14,12,6,472,80,15,0,138
263,"Wicomico County, MD",2016,759,33,230,30,111,87,50,17,11,35,69,255,89,344,5,NA,NA,207,39,34,128,6,342,396,14,7,1,11,412,92,203,40,36,24,NA,3,3,0,6,NA,516,0,16,3,301,57,21,0,118
264,"Worcester County, MD",2016,295,12,109,6,60,41,25,7,5,14,16,84,32,116,5,NA,NA,46,11,11,20,4,84,205,3,3,1,5,175,19,74,21,8,6,NA,2,0,0,0,NA,241,3,7,2,129,38,9,NA,53
265,"Allegany County, MD",2017,605,21,206,20,68,58,30,7,16,25,56,248,74,322,3,NA,NA,211,90,16,100,5,277,301,20,7,3,47,319,61,140,35,30,16,NA,5,4,1,4,NA,364,11,6,2,206,44,4,NA,91
266,"Anne Arundel County, MD",2017,3497,144,634,159,449,403,183,82,69,274,332,1175,328,1503,43,NA,NA,916,221,122,537,36,1241,2071,146,39,11,98,2077,295,864,152,159,74,NA,30,9,23,23,NA,2422,37,67,35,1338,373,49,2,521
267,"Baltimore City, MD",2017,5052,95,2873,175,553,413,221,90,83,275,462,2240,470,2710,70,NA,NA,1804,457,199,1073,75,2652,2191,101,108,22,161,2793,692,1002,382,361,158,NA,40,14,38,121,NA,2887,34,125,38,1525,539,61,4,561
268,"Baltimore County, MD",2017,5605,210,1943,265,732,682,255,166,108,403,459,1840,633,2473,62,NA,NA,1243,301,179,717,46,1661,3669,183,92,10,118,3391,384,1443,269,251,140,NA,31,23,16,41,NA,4111,54,92,44,2231,701,74,2,913
269,"Calvert County, MD",2017,481,24,79,17,60,68,35,16,13,38,43,145,44,189,2,NA,NA,96,11,16,68,1,170,286,14,11,1,4,299,26,122,29,11,8,NA,0,0,1,2,NA,374,28,3,5,208,53,7,NA,70
270,"Caroline County, MD",2017,203,15,34,10,40,41,13,8,4,18,10,45,14,59,NA,NA,NA,10,5,1,4,0,12,178,10,3,0,4,138,1,54,6,8,5,NA,2,0,1,0,NA,185,1,0,1,124,20,4,0,35
271,"Carroll County, MD",2017,1382,56,243,61,176,168,74,35,30,79,120,461,164,625,14,NA,NA,359,91,45,215,8,463,838,55,26,3,38,817,116,340,68,56,36,NA,7,4,2,7,NA,967,10,26,3,539,158,13,NA,218
272,"Cecil County, MD",2017,748,29,121,27,89,92,42,24,13,47,68,290,52,342,4,NA,NA,239,109,19,103,8,343,389,10,6,3,35,410,105,160,35,23,12,NA,3,1,4,3,NA,486,6,20,7,281,75,12,1,84
273,"Charles County, MD",2017,751,30,92,28,81,87,34,26,11,52,76,264,73,337,19,NA,NA,206,40,23,134,9,313,407,22,9,1,17,427,58,195,53,35,9,NA,2,3,13,8,NA,510,13,3,3,265,83,20,0,123
274,"Dorchester County, MD",2017,306,4,97,11,30,20,16,6,5,14,24,141,37,178,2,NA,NA,117,48,17,47,5,156,143,5,2,1,8,191,42,52,12,12,9,NA,0,0,0,3,NA,177,2,6,1,81,27,5,2,54
275,"Frederick County, MD",2017,1606,73,295,71,205,175,83,49,26,136,167,530,154,684,10,NA,NA,384,48,56,274,6,519,1003,68,16,1,16,1020,99,396,74,59,26,NA,17,7,4,5,NA,1163,20,46,10,611,162,23,1,290
276,"Garrett County, MD",2017,212,7,78,6,35,37,14,5,2,12,19,65,15,80,2,NA,NA,42,2,7,31,2,79,122,9,2,0,0,132,14,60,6,5,0,NA,0,3,1,1,NA,165,3,4,2,102,24,2,NA,28
277,"Harford County, MD",2017,1945,64,230,83,267,263,102,60,38,152,147,649,167,816,17,NA,NA,456,140,59,246,11,642,1224,51,28,7,49,1165,180,454,90,97,43,NA,4,14,15,21,NA,1392,11,30,14,818,191,28,1,299
278,"Howard County, MD",2017,1582,50,312,63,177,171,95,50,37,166,169,445,197,642,12,NA,NA,337,52,59,218,8,481,1001,81,19,2,17,959,115,424,65,75,43,NA,10,9,5,8,NA,1170,19,51,14,613,176,23,1,273
279,"Kent County, MD",2017,181,4,29,7,17,17,4,7,3,9,12,82,20,102,3,NA,NA,60,22,4,32,2,88,88,5,0,1,7,117,24,25,7,6,3,NA,1,0,1,1,NA,115,2,2,0,56,25,9,NA,21
280,"Montgomery County, MD",2017,496,22,108,27,84,77,31,17,11,42,29,130,42,172,8,NA,NA,41,8,8,25,NA,60,420,12,4,0,2,334,6,107,47,23,9,NA,7,2,1,4,NA,432,4,13,7,247,55,2,1,103
281,"Prince Georges County, MD",2017,495,13,138,31,77,60,37,24,13,32,24,149,35,184,13,NA,NA,50,6,15,25,4,59,431,3,2,1,2,2306,6,129,51,17,7,NA,6,1,1,2,NA,428,7,16,2,241,70,3,1,88
282,"Queen Anne’s County, MD",2017,257,12,58,11,52,34,21,9,7,21,13,61,27,88,1,NA,NA,23,9,7,7,NA,47,201,7,2,0,0,162,12,69,14,12,8,NA,2,2,0,NA,NA,222,2,6,1,137,34,2,NA,40
283,"Somerset County, MD",2017,136,5,55,9,25,17,9,3,1,5,7,43,17,60,NA,NA,NA,19,7,8,3,1,34,99,2,1,0,1,84,6,36,9,10,6,NA,1,NA,0,3,NA,107,2,0,1,60,17,2,NA,25
284,"St. Mary’s County, MD",2017,799,25,118,26,87,95,37,24,8,49,69,346,57,403,1,NA,NA,284,98,27,149,10,398,361,34,6,3,51,456,96,153,40,33,18,NA,5,1,5,4,NA,482,15,14,2,272,75,17,NA,87
285,"Talbot County, MD",2017,391,11,81,12,37,38,13,6,5,22,39,161,56,217,2,NA,NA,149,37,26,79,7,208,169,6,8,1,10,237,55,67,21,19,12,NA,2,0,0,5,NA,223,2,3,8,117,39,9,NA,45
286,"Washington County, MD",2017,1073,35,223,54,140,158,66,40,20,64,83,354,84,438,10,NA,NA,226,19,45,151,11,341,677,41,14,5,9,685,66,263,45,44,24,NA,6,3,1,10,NA,803,9,11,10,474,115,11,NA,173
287,"Wicomico County, MD",2017,791,26,201,32,116,96,55,22,15,52,93,223,80,303,7,NA,NA,190,24,28,133,5,321,438,28,4,1,9,491,73,192,25,43,15,NA,6,4,15,3,NA,558,11,8,4,331,68,17,NA,119
288,"Worcester County, MD",2017,273,11,119,9,33,37,19,9,5,19,18,86,34,120,4,NA,NA,41,11,9,21,NA,74,187,6,6,0,2,174,22,59,16,9,1,NA,5,1,0,2,NA,223,2,3,2,114,39,7,NA,56
289,"Allegany County, MD",2018,529,24,159,14,51,31,37,13,3,24,65,220,62,282,9,NA,NA,189,60,17,110,2,238,266,17,8,3,24,305,58,104,35,36,12,NA,4,7,3,10,NA,304,2,4,1,154,52,5,NA,86
290,"Anne Arundel County, MD",2018,3159,126,536,145,379,349,178,95,49,283,332,1021,305,1326,23,NA,NA,819,191,99,508,21,1170,1793,157,39,6,92,1994,267,679,121,123,43,NA,26,19,12,23,NA,2217,40,45,22,1215,343,45,4,503
291,"Baltimore City, MD",2018,4493,81,1798,175,463,346,186,82,72,267,452,1919,485,2404,65,NA,NA,1642,417,189,974,62,2428,1840,115,110,16,187,2509,607,844,330,325,159,NA,33,25,29,79,NA,2526,23,102,36,1332,426,59,14,534
292,"Baltimore County, MD",2018,4942,181,1381,197,553,543,246,147,90,398,441,1653,610,2263,64,NA,NA,1135,279,170,653,33,1560,3098,211,73,18,118,3147,372,1075,212,225,126,NA,27,18,15,39,NA,3582,29,94,56,1808,628,90,3,874
293,"Calvert County, MD",2018,502,32,65,24,70,72,30,14,13,44,45,136,49,185,3,NA,NA,97,28,11,58,NA,169,316,11,6,2,7,313,35,106,39,16,10,NA,1,1,0,4,NA,389,16,8,1,229,49,7,NA,79
294,"Caroline County, MD",2018,199,9,21,10,32,40,18,8,6,19,15,38,11,49,2,NA,NA,15,6,3,5,1,16,164,16,3,0,0,131,4,54,10,5,4,NA,0,0,0,1,NA,179,1,1,0,118,19,2,NA,38
295,"Carroll County, MD",2018,1283,70,277,66,152,136,85,28,26,81,105,442,152,594,10,NA,NA,347,123,42,171,11,428,768,62,25,4,34,789,114,258,84,69,48,NA,8,5,0,8,NA,867,11,16,10,477,138,12,NA,203
296,"Cecil County, MD",2018,791,26,78,25,102,84,41,20,3,53,57,337,61,398,8,NA,NA,293,162,26,98,7,384,378,19,10,0,39,444,124,127,57,18,13,NA,1,1,1,2,NA,480,3,10,7,288,52,14,NA,106
297,"Charles County, MD",2018,734,14,123,26,84,77,36,22,9,46,72,297,60,357,5,NA,NA,260,87,14,154,5,323,361,33,17,2,8,421,54,143,106,22,13,NA,3,0,2,4,NA,452,9,13,7,268,67,11,NA,77
298,"Dorchester County, MD",2018,299,4,73,7,39,34,15,4,10,18,27,120,22,142,3,NA,NA,90,33,11,43,3,135,159,2,3,0,2,174,47,55,21,8,5,NA,0,0,2,1,NA,201,3,4,NA,108,23,9,NA,54
299,"Frederick County, MD",2018,1666,62,201,67,177,170,70,40,26,115,186,652,142,794,21,NA,NA,531,172,54,293,12,617,903,119,27,6,17,1006,116,359,162,48,30,NA,6,5,3,4,NA,1087,5,21,8,568,174,25,NA,286
300,"Garrett County, MD",2018,197,4,64,5,16,27,16,3,3,14,23,70,18,88,2,NA,NA,49,3,5,41,NA,73,109,11,4,1,2,130,10,44,10,7,3,NA,2,0,1,1,NA,141,2,4,4,71,34,7,NA,19
301,"Harford County, MD",2018,1676,66,195,56,217,188,94,42,29,119,142,606,179,785,4,NA,NA,462,149,54,248,11,640,925,78,33,11,50,956,163,364,132,73,36,NA,6,3,9,19,NA,1141,22,24,7,637,174,36,3,238
302,"Howard County, MD",2018,1509,44,281,61,168,134,86,44,39,128,171,473,187,660,18,NA,NA,340,68,52,209,11,491,930,63,25,2,27,915,109,381,75,76,32,NA,19,8,3,14,NA,1093,12,34,25,556,188,23,1,254
303,"Kent County, MD",2018,202,5,30,5,17,18,7,2,2,10,17,104,17,121,3,NA,NA,101,52,12,33,4,115,75,7,5,0,19,98,48,22,15,10,5,NA,2,1,1,1,NA,91,1,2,0,55,18,2,NA,13
304,"Montgomery County, MD",2018,482,18,108,39,85,60,29,22,10,35,35,134,26,160,7,NA,NA,62,5,10,44,3,89,379,13,1,1,0,311,2,94,74,24,17,NA,5,2,0,NA,NA,396,3,13,2,238,68,2,NA,70
305,"Prince Georges County, MD",2018,438,19,143,28,80,54,25,13,5,31,30,121,38,159,13,NA,NA,54,8,9,36,1,78,356,1,3,0,2,271,9,103,53,13,6,NA,3,3,0,1,NA,371,3,10,5,207,61,7,NA,78
306,"Queen Anne’s County, MD",2018,278,15,51,17,48,38,25,4,5,21,16,69,31,100,4,NA,NA,29,15,6,7,1,60,208,8,2,1,1,177,16,71,12,3,3,NA,0,0,0,NA,NA,246,5,8,0,137,32,7,NA,57
307,"Somerset County, MD",2018,96,2,72,2,10,20,9,3,3,7,5,25,9,34,3,NA,NA,13,4,4,5,NA,16,73,1,6,0,1,57,3,27,8,8,7,NA,0,NA,0,1,NA,75,1,0,0,49,9,1,NA,15
308,"St. Mary’s County, MD",2018,818,21,118,28,101,94,51,18,24,68,88,282,58,340,6,NA,NA,243,75,27,133,8,339,400,70,9,6,31,519,77,136,49,30,18,NA,6,2,1,3,NA,545,16,8,5,317,85,12,NA,102
309,"Talbot County, MD",2018,369,11,47,10,38,37,10,7,8,22,37,138,57,195,5,NA,NA,152,53,18,77,7,196,159,6,8,1,17,201,60,70,20,11,6,NA,0,1,0,4,NA,206,3,5,0,117,34,5,NA,42
310,"Washington County, MD",2018,1055,40,223,44,140,132,64,27,14,76,93,362,93,455,10,NA,NA,257,35,34,177,11,378,621,46,10,0,18,696,84,203,54,39,20,NA,4,2,5,8,NA,759,15,17,10,427,103,16,1,175
311,"Wicomico County, MD",2018,713,12,168,36,103,71,32,27,22,41,69,225,78,303,9,NA,NA,186,32,33,118,3,306,375,19,13,2,13,452,64,145,37,26,15,NA,4,1,2,4,NA,501,7,11,5,278,75,14,1,110
312,"Worcester County, MD",2018,293,11,121,10,33,42,24,9,3,23,16,88,42,130,3,NA,NA,51,18,12,20,1,97,179,13,4,0,6,180,20,69,18,9,7,NA,2,0,0,NA,NA,233,1,4,1,128,34,12,1,52
